{"cameraMode":{"drawMode":0,"name":"Shaded","section":"Shading Mode"},"sceneLighting":true,"audioPlay":false,"sceneViewState":{"showFog":true,"showMaterialUpdate":false,"showSkybox":true,"showFlares":true,"showImageEffects":true,"showParticleSystems":true},"in2DMode":false,"pivot":{"x":448.1840515136719,"y":296.1429443359375,"z":3.6341552734375},"rotation":{"x":-0.0021002397406846287,"y":-0.002094651572406292,"z":0.00000457398937214748,"w":-1.0000025033950806},"size":838.4736938476563,"orthographic":false}